Chapter,Author,Project Title,Creators,Website URL,Institution,Discipline,Citation leads to project?,Project still exists?,Open source?,Barebones project description,Grant supported?,Negative Citation?,Context,Notes
,,,,,,,,,,,,,,
Introduction: The Digital Humanities Moment,Matthew K. Gold,CommentPress,Institute for the Future of the Book,https://futureofthebook.org/commentpress/,Institute for the Future of the Book,Digital Tool,No,Yes,Yes,Wordpress blog theme allowing comments to be added to the margin beside particular paragraphs of the text. ,,,Example of new methods of peer-to-peer review.,
,,Debates in the Digital Humanities ,"Manifold, CUNY Graduate Center, University of Minnesota Press, GC Digital Scholarship Lab, GC Digital Initiatives",https://dhdebates.gc.cuny.edu/,CUNY Graduate Center,"Digital Humanities, Digital Publishing",No,Yes,,"An online, expanded, open-access webtext and community resource.",,,,
,,,,,,,,,,,,,,
Chapter 1: What Is Digital Humanities and What’s It Doing in English Departments?,Matthew Kirschenbaum,Voyeur,"Stéfan Sinclair, Geoffrey Rockwell",https://voyant-tools.org/,,"Digital Humanities,Text Analysis, Digital Tool",No,Yes,,"Text analysis tool, now Voyant.",,,An example of a tool that digital humanities has pioneered,
,,Shakespeare Quartos Archive,,http://www.quartos.org/,University of Oxford,"Digital Humanities, Literature",No,No,,a searchable digital facsimile of each of the thirty-two extant quarto copies of Hamlet,Funded by United Kingdom’s Joint Information Systems Committee and the National Endowment for the Humanities; supported by Maryland Institute for Technology in the Humanities,,Example of project from self-identified digital humanities centers.,An archived version of the site is available at https://wayback.archive-it.org/org-467/20191016094633/http://quartos.org/
,,Preserving Virtual Worlds,,https://library.stanford.edu/projects/preserving-virtual-worlds,Stanford University,"Library Science, Archives, Gaming",No,No,,"Research project for standards and best practices for archiving and ensuring future access to computer games, interactive fiction, and virtual communities.",supported by the Library of Congress,,Example of project from self-identified digital humanities centers.,URL leads to information about the project.
,,,,,,,,,,,,,,
,,Orlando Project,,https://www.artsrn.ualberta.ca/orlando/,University of Alberta,"Literature, Feminism",No,Yes,,Explores and harnesses the power of digital tools and methods to advance feminist literary scholarship.,,,Example of collaboration.,
,,Rossetti Archive,Jerome McGann,http://www.rossettiarchive.org/,University of Virginia,"Literature, Art, Poetry, Archives",No,Yes,,Provides students and scholars with access to all of Dante Gabriel Rossetti's pictorial and textual works and to a large contextual corpus of materials.,NEH,,Example of electronic archives and editions,
,,Google Books,Google,https://books.google.com/,,Digital Tool,No,Yes,,"The world's most comprehensive index of full-text books.
",,,Example of large-scale digitization project,
,,,,,,,,,,,,,,
"Chapter 2: The Humanities, Done Digitally",Kathleen Fitzpatrick,William Blake Archive,"Morris Eaves, Robert Essick, Joseph Viscomi, editors.",http://www.blakearchive.org/,"University of North Carolina at Chapel Hill, the University of Rochester, Institute for Advanced Technology in the Humanities, Carolina Digital Library and Archives","Literature, Art, Poetry, Archives",No,Yes,,"Provides digital reproductions of the various works of William Blake, a prominent Romantic-period poet, artist, and engraver, alongside annotation, commentary and scholarly materials related to Blake.","sponsored by the Library of Congress and supported by the University of North Carolina at Chapel Hill, the University of Rochester, and a division of the NEH",,"Example of a large-scale digital text collections for scholarly study, editorial and archival in nature.",
,,Text-Image Linking Environment (TILE),,https://archive.mith.umd.edu/tile/,University of Maryland,Digital Tool,No,Yes,,A web-based tool for creating and editing image-based electronic editions and digital archives of humanities texts.,NEH,,Example of tools or technical standards that support the production of archives.,
,,,,,,,,,,,,,,
Chapter 3: “This Is Why We Fight”: Defining the Values of the Digital Humanities,Lisa Spiro,Zotero,"Corporation for Digital Scholarship, previously Center for History and New Media at George Mason University",https://www.zotero.org/,Roy Rosenzweig Center for History and New Media,Digital Tool,No,Yes,Yes,A free and open-source reference management software to manage bibliographic data and related research materials.,,,Example of open-source tool.,
,,NINES Collex,,https://nines.org/about/software/collex/,University of Virginia,"Digital Tool, Literature",No,Yes,Yes,An open-source collections- and exhibits-builder designed to aid humanities scholars working in digital collections or within federated research environments like NINES (Networked Infrastructure for Nineteenth-Century Electronic Scholarship).,"Andrew W. Mellon Foundation, 
University of Virginia Library",,Example of open-source tool.,
,,Rossetti Archive,Jerome McGann,http://www.rossettiarchive.org/,University of Virginia,"Literature, Art, Poetry, Archives",No,Yes,,Provides students and scholars with access to all of Dante Gabriel Rossetti's pictorial and textual works and to a large contextual corpus of materials.,NEH,,Example of electronic archives and editions,
,,Digital Humanities Questions and Answers,Association for Computers and the Humanities and the Chronicle of Higher Education's ProfHacker,https://dhanswers.ach.org/,,Digital Humanities,No,Yes,,Community-based Q&A board for digital humanities.,,,Example of collegiality and connectedness,
,,Quantitative Formalism: An Experiment,"Sarah Allison, Ryan Heuser, Matthew Jockers, Franco Moretti, Michael Witmore",https://litlab.stanford.edu/LiteraryLabPamphlet1.pdf,Stanford University,"Literature, Digital Humanities, Text Analysis",No,Yes,,A study which tried to establish whether computer-generated algorithms could “recognize” literary genres.,,,,Is this a project or an experiment that results in a paper?
,,Looking for Whitman,Matthew K. Gold,https://lookingforwhitman.org/,"New York City College of Technology (CUNY), New York University, University of Mary Washington, Rutgers University-Camden.","Poetry, Digital Humanities",No,No,,"A collaborative online space in which students research Whitman’s connections to their individual locations and share that research with one another in a dynamic, social, web-based learning environment.","NEH, Institute of Museum and Library Services",,Example of experimentation,
,,,,,,,,,,,,,,
Chapter 4: Beyond the Big Tent,Patrik Svensson,Open Content Alliance,Internet Archive,https://archive.org/details/opencontentalliance,,Archives,No,Yes,Yes,"Represents the collaborative efforts of a group of cultural, technology, nonprofit, and governmental organizations from around the world that will help build a permanent archive of multilingual digitized text and multimedia content. ","Yahoo!, the Sloan Foundation",,Example of how to leverage the digital humanities as a project.,
,,,,,,,,,,,,,,
Blog Post: The Digital Humanities Situation,Rafael C. Alvarado,Zotero,"Corporation for Digital Scholarship, previously Center for History and New Media at George Mason University",https://www.zotero.org/,Roy Rosenzweig Center for History and New Media,Digital Tool,No,Yes,Yes,A free and open-source reference management software to manage bibliographic data and related research materials.,,,,
,,,,,,,,,,,,,,
Blog Post: Where’s the Beef? Does Digital Humanities Have to Answer Questions?,Tom Scheinfeldt,,,,,,,,,,,,,
,,,,,,,,,,,,,,
Blog Post: Why Digital Humanities Is “Nice”,Tom Scheinfeldt,,,,,,,,,,,,,
,,,,,,,,,,,,,,
Blog Post: An Interview with Brett Bobley,Michael Gavin and Kathleen Marie Smith,,,,,,,,,,,,,
,,,,,,,,,,,,,,
Blog Post: Day of DH: Defining the Digital Humanities,,,,,,,,,,,,,,
,,,,,,,,,,,,,,
Chapter 5: Developing Things: Notes toward an Epistemology of Building in the Digital Humanities,Stephen Ramsay and Geoffrey Rockwell,Zotero,"Corporation for Digital Scholarship, previously Center for History and New Media at George Mason University",https://www.zotero.org/,Roy Rosenzweig Center for History and New Media,Digital Tool,No,Yes,Yes,A free and open-source reference management software to manage bibliographic data and related research materials.,,,,
,,TextArc,Bradford Paley,http://www.textarc.org/,,Data Visualization,Yes,No,,"Uses computer technology to put a new spin on the written word. Visitors can pick from among 2,000 literary classics and watch as each work's complete text is etched clockwise, line by line, in a wide oval on the computer screen.",,,Example of how arguments can be illustrated - graphical interpretations of a text comparable to a critical or interpretative essay.,
,,Topicmarks,,http://topicmarks.com/,,Digital Tool,Yes,No,,A web tool that will help you summarize English text.,,,A commercial analytical tool that can tell you how much time you saved (as compared to having to read the primary text).,
,,,,,,,,,,,,,,
Chapter 6: Humanistic Theory and Digital Scholarship,Johanna Drucker,The Perseus Archive,"Gregory Crane, Editor in Chief",http://www.perseus.tufts.edu,Tufts University,"Archives, Literature, Archives",Yes,Yes,Yes,"A practical experiment in which we explore possibilities and challenges of digital collections in a networked world. Our flagship collection, under development since 1987, covers the history, literature and culture of the Greco-Roman world.","Funded most recently by the Alpheios Project, the Andrew W. Mellon Foundation, the Institute of Museum and Library Services, the National Endowment for the Humanities, the National Science Foundation, private donations, and Tufts University. Prior support for the project has been provided by the Annenberg/CPB Project, Apple Computer, the Berger Family Technology Transfer Endowment, Digital Libraries Initiative Phase 2, the Fund for the Improvement of Postsecondary Education part of the U.S. Department of Education, the Getty Grant program, the Modern Language Association, the National Endowment for the Arts, the Packard Humanities Institute, Xerox Corporation, Boston University, and Harvard University.",,"Example of Drucker's involvement with DH through early projects of the 1990s, large-scale complex editions and repositories.",
,,William Blake Archive,"Morris Eaves, Robert Essick, Joseph Viscomi, editors.",http://www.blakearchive.org/,"University of North Carolina at Chapel Hill, the University of Rochester, Institute for Advanced Technology in the Humanities, Carolina Digital Library and Archives","Literature, Art, Poetry, Archives",No,Yes,,"Provides digital reproductions of the various works of William Blake, a prominent Romantic-period poet, artist, and engraver, alongside annotation, commentary and scholarly materials related to Blake.","sponsored by the Library of Congress and supported by the University of North Carolina at Chapel Hill, the University of Rochester, and a division of the NEH",,"Example of Drucker's involvement with DH through early projects of the 1990s, large-scale complex editions and repositories.",
,,The Walt Whitman Archive,"Matt Cohen, Ed Folsom, and Kenneth M. Price, editors.",https://whitmanarchive.org/,"University of Virginia, University of Nebraska–Lincoln","Literature, Archives",Yes,Yes,,"An electronic research and teaching tool that sets out to make Whitman's vast work, for the first time, easily and conveniently accessible to scholars, students, and general readers. ","Funding and support provided by the National Endowment for the Humanities, the US Department of Education, the Institute of Museum and Library Services, the National Historical Publications and Records Commission, University of Iowa, University of Nebraska–Lincoln, and the Institute for Advanced Technology in the Humanities at the University of Virginia.",,Examples of Drucker's involvement with DH through these early projects of the 1990s - large-scale complex editions and repositories.,
,,Rossetti Archive,Jerome McGann,http://www.rossettiarchive.org/,University of Virginia,"Literature, Art, Poetry, Archives",No,Yes,,Provides students and scholars with access to all of Dante Gabriel Rossetti's pictorial and textual works and to a large contextual corpus of materials.,NEH,,Examples of Drucker's involvement with DH through these early projects of the 1990s - large-scale complex editions and repositories.,
,,Women Writers Project,How to deal with many people listed but not sepcifically creators?,https://www.wwp.northeastern.edu/,"Northeastern University, Brown University",Literature,Yes,Yes,,A long-term research and publication project focusing on early women’s writing in English.,"Brown University and Northeastern University; grant funding from the National Endowment for the Humanities, The Andrew W. Mellon Foundation, and the Delmas Foundation. Starting in 1999, the project has been supported as well by licensing income from Women Writers Online, which makes it possible for the WWP to continue maintaining and expanding the WWO collection. In July 2013, the WWP moved to Northeastern University and is now supported there as part of the Northeastern Library's Digital Scholarship Group.",,Examples of Drucker's involvement with DH through these early projects of the 1990s - large-scale complex editions and repositories.,Citation URL is a broken link.
,,Ivanhoe platform,"Jerome McGann, Johanna Drucker",https://ivanhoe.scholarslab.org/index.html,University of Virginia Library,"Gaming, Digital Humanities, Pedagogy, Digital Tool",No,Yes,Yes,"A game in which players take on roles within or around a shared text, also a a theme for WordPress that encourages collaborative and reflective interpretation of shared texts.",,,,WP theme available on Github: https://github.com/scholarslab/ivanhoe
,,Mapping the Republic of Letters,,http://republicofletters.stanford.edu/,Stanford University,"Humanities, Digital Humanities",Yes,Yes,,"A collaborative, interdisciplinary humanities research project looking at 17th and 18th century correspondence, travel, and publication to trace the exchange of ideas in the early modern period and the Age of Enlightenment.","NEH, Stanford Humanities Center.",,,Citation URL is a broken link.
,,,,,,,,,,,,,,
Chapter 7: This Digital Humanities Which Is Not One,Jamie “Skye” Bianco,,,,,,,,,,,,,
,,,,,,,,,,,,,,
Chapter 8: A Telescope for the Mind?,Willard McCarty,The Project for American and French Research on the Treasury of the French Language (ARTFL),,https://artfl-project.uchicago.edu/,"A cooperative enterprise of the Laboratoire ATILF (Analyse et Traitement Informatique de la Langue Française) of the Centre National de la Recherche Scientifique (CNRS), the Division of the Humanities and Electronic Text Services (ETS) of the University of Chicago.",,,,,A consortium-based service that provides its members with access to North America's largest collection of digitized French resources. ,,,Example of computer-aided literature studies for an early large corpora.,
,,,,,,,,,,,,,,
"Blog Post: Sunset for Ideology, Sunrise for Methodology?",Tom Scheinfeldt,Zotero,"Corporation for Digital Scholarship, previously Center for History and New Media at George Mason University",https://www.zotero.org/,Roy Rosenzweig Center for History and New Media,Digital Tool,No,Yes,Yes,A free and open-source reference management software to manage bibliographic data and related research materials.,,,Example of new tool of the internet.,
,,Google Books,Google,https://books.google.com/,,Digital Tool,No,Yes,,"The world's most comprehensive index of full-text books.
",,,Example of library-centered project.,
,,,,,,,,,,,,,,
Blog Post: Has Critical Theory Run Out of Time for Data-Driven Scholarship?,Gary Hall,Victorian Books,Dan Cohen and Fred Gibbs,http://victorianbooks.org/,,Literature,Yes,Yes,Yes,Raw data provides researchers the ability to text mine all the books published in English in the Victorian age.,"Google, NEH.",,"Example of how scholars are more concerned with methodology, rather than theory and ideology.",
,,Papers of Abraham Lincoln project,,https://papersofabrahamlincoln.org/,Illinois Historic Preservation Society,"American History, Archives",No,Yes,,"A documentary editing project dedicated to identifying, imaging, transcribing, annotating, and publishing online all documents written by or to Abraham Lincoln during his lifetime.","NEH, National Historical Publications and Records Commission, Iron Mountain, the Abraham Lincoln Presidential Library Foundation, the Abraham Lincoln Association.",,Article quotes the director of the project.,
Blog Post: There Are No Digital Humanities,Gary Hall,,,,,,,,,,,,,
,,,,,,,,,,,,,,
Chapter 9: Why Are the Digital Humanities So White? or Thinking the Histories of Race and Computation,Tara McPherson,Vectors,"Tara McPherson, Steve Anderson, editors",http://vectors.usc.edu/,University of Southern California,"Digital Publishing, Digital Humanities",No,No,,"Online journal that maps the multiple contours of daily life in an unevenly digital era, crystallizing around themes that highlight the social, political, and cultural stakes of our increasingly technologically-mediated existence.",,,Example of digital project the author is involved in.,Footnote
,,Scalar,The Alliance for Networking Visual Culture,https://scalar.me/anvc/scalar/,,Digital Publishing,No,Yes,Yes,"A free, open source authoring and publishing platform that’s designed to make it easy for authors to write long-form, born-digital scholarship online. ","Andrew W. Mellon Foundation, NEH",,Example of digital project the author is involved in.,Footnote
,,,,,,,,,,,,,,
Chapter 10: Hacktivism and the Humanities: Programming Protest in the Era of the Digital University,Elizabeth Losh,Dialup Radio,Tad Hirsch,https://www.researchgate.net/publication/221144132_Communities_real_and_imagined_designing_a_communication_system_for_zimbabwean_activists,,,No,No,,Provides political dissidents in Africa a channel for broadcasting information about corrupt or repressive regimes by using mobile phone technology.,,,,Url links to research paper of project.
,,Carnivore,,http://r-s-g.org/carnivore/,,"Programming, Critical Code Studies",Yes,Yes,,Designed to monitor e-mail and other forms of electronic communication on a massive scale.,,,,Citation URL is a broken link.
,,HyperCities,,https://www.hypercities.com/,,"Mapping, Digital Humanities",Yes,Yes,,"A digital research and educational platform for exploring, learning about, and interacting with the layered histories of city and global spaces.",,,,
,,US Holocaust Memorial Museum Mapping Initiative/World is Witness,,,,Journalism,Yes,No,,"A project of the U.S. Holocaust Memorial Museum, bears witness to genocide and related crimes against humanity around the world using Google Earth and animated maps.",,,,Citation URL is a broken link. More info: https://www.aaas.org/programs/scientific-responsibility-human-rights-law/ushmm-%E2%80%94-world-witness
,,Public Secrets,Sharon Daniel,,,Criminal Justice,No,No,,"Provides an interactive interface to an audio archive of hundreds of statements made by incarcerated women, which unmask the secret injustices of the war on drugs, the criminal justice system and the prison industrial complex.",,,,More info: http://www.sharondaniel.net/#publicsecrets
,,Blood Sugar,Sharon Daniel,,,Public Health,No,No,,Examines the social and political construction of poverty and addiction in American society through the eyes of those who live it.,,,,More info: http://www.sharondaniel.net/#bloodsugar
,,Handbrake,,https://handbrake.fr/,,Media,No,Yes,Yes,A free and open-source transcoder for digital video files.,,,,
,,,,,,,,,,,,,,
Chapter 11: Unseen and Unremarked On: Don DeLillo and the Failure of the Digital Humanities,Mark L. Sample,Sports Illustrated Vault,,https://vault.si.com/,,"Digital Publishing, Archives, Sports",Yes,Yes,,,,,,Bibliography links to specific article in the SI Vault.
,,HATHITrust Digital Library,,https://www.hathitrust.org/,,"Digital Publishing, Digital Tool",No,Yes,,"Founded in 2008, HathiTrust is a not-for-profit collaborative of academic and research libraries preserving 17+ million digitized items. ",,Yes,"Example of DH work with DeLillo’s novels. However, citation criticizes HATHI and Google Books for limited range and depth of the functionality.",
,,Google Books,Google,https://books.google.com/ ,,Digital Publishing,No,Yes,,The world's most comprehensive index of full-text books.,,Yes,"Example of DH work with DeLillo’s novels. However, citation criticizes HATHI and Google Books for limited range and depth of the functionality.",
,,,,,,,,,,,,,,
"Chapter 12: Disability, Universal Design, and the Digital Humanities",George H. Williams,Internet and American Life Project,,https://www.pewresearch.org/topic/internet-technology/,Pew Research Center,Technology,Yes,Yes,,"The Pew Internet and American Life Project produces reports exploring the impact of the internet on families, communities, work and home, daily life, education, health care, and civic and political life.",,,,
,,Omeka,,https://omeka.org/,Roy Rosenzweig Center for History and New Media,"Digital Publishing, Digital Tool",No,Yes,Yes,"Omeka is a free, flexible, and open source web-publishing platform for the display of library, museum, archives, and scholarly collections and exhibitions.",,Yes,"Example of CMS for digital humanities projects. But, add-ons are needed to improve accessibility.",
,,MediaWiki,Magnus Manske ,https://www.mediawiki.org/wiki/MediaWiki,,"Digital Publishing, Digital Tool",No,Yes,Yes,MediaWiki is a free and open-source wiki software. ,,Yes,"Example of CMS for digital humanities projects. But, add-ons are needed to improve accessibility.",
,,Joomla,"Andrew Eddie, Brian Teeman, Johan Janssens, Jean-Marie Simonet et al.",https://www.joomla.org/,,"Digital Publishing, Digital Tool",No,Yes,Yes,A free and open-source content management system for publishing web content on websites. ,,Yes,"Example of CMS for digital humanities projects. But, add-ons are needed to improve accessibility.",
,,Anthologize,,https://anthologize.org/,"Roy Rosenzweig Center for History and New Media, George Mason University",Digital Tool,Yes,Yes,Yes,"A free, open-source, plugin that transforms WordPress into a platform for publishing electronic texts.",NEH,Yes,A useful DH tool but blind people who use the web are in need of a digital humanities project that either extends Anthologize or creates a similar tool so that RSS feeds may be converted easily and automatically into XML formats that work with digital talking book devices or with braille output devices.,
,,DAISY Pipeline,DAISY Consortium,https://daisy.org/activities/software/pipeline-2/,DAISY Consortium,Digital Tool,No,Yes,Yes,"A cross-platform, open source framework for digital talking books-related document transformations.",,,A well-structured document in a format like TEI or HTML is ideally suited to be automatically translated into the DAISY format through a software process that makes use of the DAISY Pipeline.,
,,Liblouis,,http://liblouis.org/,,Digital Tool,No,Yes,Yes,"An open-source braille translator, back-translator and formatter for a large number of languages and braille codes.",,,Creating a free and easy-to-use online braille translator would make a tremendous difference in the lives of individuals who need braille translations of online content.,Citation leads to https://code.google.com/.
,,Scripto,,http://scripto.org/ ,"Roy Rosenzweig Center for History and New Media, George Mason University",Digital Tool,Yes,Yes,Yes,"An open-source tool that permits registered users to view digital files and transcribe them with an easy-to-use toolbar, rendering that text searchable. ","NEH, National Archives and Records Administration’s National Historical Publications and Records Commission",,,
,,,,,,,,,,,,,,
Chapter 13: The Digital Humanities and Its Users,Charlie Edwards,Index Thomisticus,Roberto Busa,https://www.corpusthomisticum.org/it/index.age,,"Literature, Religion",No,Yes,,A digital humanities project begun in the 1940s that created a concordance to 179 texts centering around Thomas Aquinas.,,,"Example of the origins of DH, a stand-alone tool developed initially for a single user.",
,,Zotero,"Corporation for Digital Scholarship, previously Center for History and New Media at George Mason University",https://www.zotero.org/,Roy Rosenzweig Center for History and New Media,Digital Tool,No,Yes,Yes,A free and open-source reference management software to manage bibliographic data and related research materials.,,,Example of open-source tool.,
,,Omeka,,https://omeka.org/,Roy Rosenzweig Center for History and New Media,"Digital Publishing, Digital Tool",No,Yes,Yes,"Omeka is a free, flexible, and open source web-publishing platform for the display of library, museum, archives, and scholarly collections and exhibitions.",,,Example of open-source tool.,
,,Scripto,,http://scripto.org/ ,"Roy Rosenzweig Center for History and New Media, George Mason University",Digital Tool,Yes,Yes,Yes,"An open-source tool that permits registered users to view digital files and transcribe them with an easy-to-use toolbar, rendering that text searchable. ","NEH, National Archives and Records Administration’s National Historical Publications and Records Commission",,Example of open-source tool.,
,,Transcribe Bentham,,https://www.ucl.ac.uk/bentham-project/transcribe-bentham,University College London,"Literature, History, Archives",No,Yes,,"Its aim is to engage the public in the online transcription of original and unstudied manuscripts written by Jeremy Bentham, his correspondents, and his amenuenses. ",,,Example of successful DH project.,
,,DHAnswers,Association for Computers and the Humanities and ProfHacker,https://dhanswers.ach.org/,,Digital Humanities,Yes,Yes,,Enables its members to pose questions to the DH community.,,,Example of successful DH project.,
,,Ngram Viewer,"Jon Orwant, Will Brockman",https://books.google.com/ngrams,,Digital Tool,No,Yes,,"An online search engine that charts the frequencies of any set of search strings using a yearly count of n-grams found in sources printed between 1500 and 2019 in Google's text corpora in English, Chinese, French, German, Hebrew, Italian, Russian, or Spanish.",,Yes,Example of how Google may have brought text analysis to the masses but does not engage with them in this work. ,
,,DHNow,,https://digitalhumanitiesnow.org/,,"Digital Humanities, Digital Publishing",No,Yes,,"An experimental, edited publication that highlights and distributes informally published digital humanities scholarship and resources from the open web. ",,,Example of Twitter use by DHnow users,
,,Digital Research Tools (DiRT),Project Bamboo,https://digitalresearchtools.pbworks.com/w/page/17801672/FrontPage,,Digital Tool,Yes,Yes,,This wiki collects information about tools and resources that can help scholars (particularly in the humanities and social sciences) conduct research more efficiently or creatively. ,,,Example of DH resource.,
,,Woodchipper,Project Bamboo,,,Digital Tool,No,No,,Text analysis tool; proof of concept.,Andrew W. Mellon foundation,,Example of how DH infrastructure is evolving.,
,,,,,,,,,,,,,,
Blog Post: Digital Humanities Triumphant?,William Pannapacker,,,,,,,,,,,,,
,,,,,,,,,,,,,,
Blog Post: What Do Girls Dig?,Bethany Nowviskie,,,,,,,,,,,,,
,,,,,,,,,,,,,,
Blog Post: The Turtlenecked Hairshirt,Ian Bogost,,,,,,,,,,,,,
,,,,,,,,,,,,,,
Blog Post: Eternal September of the Digital Humanities,Bethany Nowviskie,DHAnswers,Association for Computers and the Humanities and ProfHacker,https://dhanswers.ach.org/,,Digital Humanities,Yes,Yes,,Enables its members to pose questions to the DH community.,,,Example of project the author worked on.,
,,THATCamp,,https://thatcamp.org/,,Digital Humanities,Yes,No,,"THATCamp stands for “The Humanities and Technology Camp.” It is an unconference: an open, inexpensive meeting where humanists and technologists of all skill levels learn and build together in sessions proposed on the spot. ",,,Example of community building.,THATCamp is no longer active.
,,,,,,,,,,,,,,
"Chapter 14: Canons, Close Reading, and the Evolution of Method",Matthew Wilkens,Wright American Fiction Collection,,https://webapp1.dlib.indiana.edu/TEIgeneral/welcome.do?brand=wright,Indiana University,"Literature, Archive",Yes,No,,"Collection of almost 3,000 digitized nineteenth-century American fiction in an ongoing cooperative project of Big Ten university libraries, led by Indiana University.",,,Example of corpus author uses for the data visualizations in the article.,Citation URL is a broken link.
,,Geodict,Pete Warden,https://github.com/petewarden/geodict,,Digital Tool,Yes,No,Yes,A simple Python library/command-line tool for pulling location information from unstructured text.,,,,Citation URL is a broken link.
,,Google Books,Google,https://books.google.com/,,Digital Tool,No,Yes,,"The world's most comprehensive index of full-text books.
",,,Example of computational access to most of the books (in and out of copyright) held in major research libraries.,
,,HATHITrust Digital Library,,https://www.hathitrust.org/,,"Digital Publishing, Digital Tool",No,Yes,,"Founded in 2008, HathiTrust is a not-for-profit collaborative of academic and research libraries preserving 17+ million digitized items. ",,Yes,Example of computational access to most of the books (in and out of copyright) held in major research libraries.,
,,,,,,,,,,,,,,
"Chapter 15: Electronic Errata: Digital Publishing, Open Review, and the Futures of Correction",Paul Fyfe,Google Books,Google,https://books.google.com/,,Digital Tool,,Yes,,"The world's most comprehensive index of full-text books.
",,Yes,Example of errors in digitization.,
,,CommentPress,Institute for the Future of the Book,https://futureofthebook.org/commentpress/,Institute for the Future of the Book,Digital Tool,,Yes,Yes,Wordpress blog theme allowing comments to be added to the margin beside particular paragraphs of the text. ,,,Example of open user comments by page and paragraph which improved a manuscript.,
,,Open Journal Systems (OJS),Public Knowledge Project,https://pkp.sfu.ca/ojs/,Simon Fraser University,Digital Tool,,Yes,Yes,A free software for the management of peer-reviewed academic journals,Multiple sources and donations.,,,
,,,,,,,,,,,,,,
Chapter 16: The Function of Digital Humanities Centers at the Present Time,Neil Fraistat,Corpora Space,Project Bamboo,https://mith.umd.edu/research/bamboo/,Maryland Institute for Technology in the Humanities (MITH); ten partner universities,"Digital Humanities, Literature",Yes,No,,"Research environments where scholars may discover, analyze and curate digital texts across the 450 years of print culture in English from 1473 until 1923, along with the texts from the Classical world upon which that print culture is based. ",Andrew W. Mellon Foundation,,Example of project from MITH.,
,,Shakespeare Quartos Archive,,http://www.quartos.org/,University of Oxford,"Digital Humanities, Literature",Yes,No,,a searchable digital facsimile of each of the thirty-two extant quarto copies of Hamlet,Funded by United Kingdom’s Joint Information Systems Committee and the National Endowment for the Humanities; supported by Maryland Institute for Technology in the Humanities,,Example of project developed by Grant Dickie who works at MITH.,An archived version of the site is available at https://wayback.archive-it.org/org-467/20191016094633/http://quartos.org/
,,Text-Image Linking Environment,,https://archive.mith.umd.edu/tile/,University of Maryland,Digital Tool,Yes,Yes,,A web-based tool for creating and editing image-based electronic editions and digital archives of humanities texts.,NEH,,MITH project and example of how tools produced at digital humanities centers benefit the larger community.,
,,Zotero,"Corporation for Digital Scholarship, previously Center for History and New Media at George Mason University",Theatre Finder,Roy Rosenzweig Center for History and New Media,Digital Tool,No,Yes,Yes,A free and open-source reference management software to manage bibliographic data and related research materials.,,,Example of how tools produced at digital humanities centers benefit the larger community.,
,,Omeka,,https://omeka.org/,Roy Rosenzweig Center for History and New Media,"Digital Publishing, Digital Tool",No,Yes,Yes,"Omeka is a free, flexible, and open source web-publishing platform for the display of library, museum, archives, and scholarly collections and exhibitions.",,,Example of how tools produced at digital humanities centers benefit the larger community.,
,,Theatre Finder,,https://mith.umd.edu/research/theatre-finder/,Maryland Institute for Technology in the Humanities (MITH),"Architecture, Theatre",No,No,,"A collaboratively edited, peer-reviewed, online database of historic theatre architecture from the Minoan “theatrical areas” on the island of Crete to the last theatre built before 1815.",,,Example of MITH project.,
,,Early Americas Digital Archive,,https://mith.umd.edu/research/eada/,Maryland Institute for Technology in the Humanities (MITH),"History, American Studies",No,No,,A collection of electronic texts and links to texts originally written in or about the Americas from 1492 to approximately 1820.,,,Example of MITH project.,
,,Soweto ’76,,https://mith.umd.edu/research/soweto-76-a-living-digital-archive/,Maryland Institute for Technology in the Humanities (MITH),"History, Black Studies",No,No,,"Virtual access to the history of Soweto, a Black township outside Johannesburg, so that they may experience a significant period in South Africa’s history.",,,Example of MITH project.,
,,Open Annotation Collaboration (OAC),,http://www.openannotation.org/,Maryland Institute for Technology in the Humanities (MITH),"Digital Tool, Digital Humanities",Yes,No,Yes,"An interoperable web annotation environment that enables the sharing of annotations across the boundaries of annotation clients, annotation servers, and content collections. ",Andrew W. Mellon Foundation,,Example of MITH project.,
,,The Deena Larsen Collection,,https://archive.mith.umd.edu/larsen/,Maryland Institute for Technology in the Humanities (MITH),Computing,Yes,Yes,,Deena Larsen’s personal collection of early-era personal computers and software.,,,Example of MITH project.,Citation URL is a broken link.
,,centerNet,,https://dhcenternet.org/,,Digital Humanities,Yes,Yes,,An international network of digital humanities centers.,,,"There is a limit to what any one center can accomplish on its own, however, which is why MITH helped to launch centerNet.",
,,,,,,,,,,,,,,
"Chapter 17: Time, Labor, and “Alternate Careers” in Digital Humanities Knowledge Work",Julia Flanders,Women Writers Project (WWP),,https://www.wwp.northeastern.edu/,"Northeastern University, Brown University",Literature,No,Yes,,A long-term research and publication project focusing on early women’s writing in English.,"Brown University and Northeastern University; grant funding from the National Endowment for the Humanities, The Andrew W. Mellon Foundation, and the Delmas Foundation. Starting in 1999, the project has been supported as well by licensing income from Women Writers Online, which makes it possible for the WWP to continue maintaining and expanding the WWO collection. In July 2013, the WWP moved to Northeastern University and is now supported there as part of the Northeastern Library's Digital Scholarship Group.",Yes,Example of Flanders' second full-time staff job at Brown; it had no discernable career trajectory.,
,,The New Variorum Edition of Shakespeare (NVS),"Matt Cohen, Julia Flanders, Alan Galey, and Valerie Wayne",https://newvariorumshakespeare.org/,Texas A&M University,Literature,No,Yes,Yes,"NVS Digital Editions contain the complete text of each play along with a full collation of textual notes from the earliest editions to the present, including extensive previous commentary.",,,Examples of a project that bridges technical implementation with editorial work.,
,,,,,,,,,,,,,,
Chapter 18: Can Information Be Unfettered? Race and the New Digital Humanities Canon,Amy E. Earhart,Clotel,University of Virginia Press,https://www.upress.virginia.edu/title/CLO,University of Virginia,"Literature, Digital Publishing",No,Yes,No,"Digital edition of the first African American novel, Clotel (1853).",,,Pay-walled scholarly production.,
,,Metadata Offer New Knowledge (MONK),John M. Unsworth ,http://cirss.ischool.illinois.edu/Project/project-details.php?id=21,University of Illinois at Urbana-Champaign,,No,No,No,A digital environment designed to help humanities scholars discover and analyze patterns in the texts they study.,Andrew W. Mellon Foundation,Yes,"Texts by Sojourner Truth, Sui Sin Far, and Maria Christina Mena—authors of color included in most standard anthologies of American literature—are absent.",Info at http://cirss.ischool.illinois.edu/Project/project-details.php?id=21
,,Orlando Project,,https://www.artsrn.ualberta.ca/orlando/,University of Alberta,"Literature, Feminism",No,Yes,,Explores and harnesses the power of digital tools and methods to advance feminist literary scholarship.,,,Example of project where the scholar is in direct control of what would be digitized and how it would be presented.,
,,Romantic Circles,"Neil Fraistat, Steven E. Jones, Donald Reiman, Carl Stahmer",http://romantic-circles.org/,University of Maryland; University of Colorado,"Literature, Digital Publishing",No,Yes,,A refereed scholarly Website devoted to the study of Romantic-period literature and culture. ,,,,
,,The Charles Chesnutt Archive,Stephanie Browner,https://chesnuttarchive.org/,University of Nebraska-Lincoln,"Literature, Digital Publishing",No,Yes,,"Writing in the years after Reconstruction as white supremacy took new virulent forms, Chesnutt addressed topics of vital concern, then and now, including race, identity, violence, class, and the familial and economic relations that zigzag across America’s color line.",NEH,,Small-scale project in which scholars worked individually or as small collectives.,
,,Voices from the Gaps,Toni McNaron and Carol Miller,https://conservancy.umn.edu/handle/11299/164018,University of Minnesota,"Literature, Digital Publishing",No,Yes,,"Uncover, highlight, and share the works of marginalized artists, predominately women writers of color living and working in North America. ",,,Small-scale project in which scholars worked individually or as small collectives.,"The site is no longer able to accept submissions for new author pages, reviews/essays, or interviews."
,,The Online Archive of Nineteenth-Century U.S. Women’s Writings,Glynis Carr,,Bucknell University,"Literature, Digital Publishing",No,No,,"The archive includes texts from eight women writers: Lydia Maria Child, Elizabeth Stuart Phelps, Harriet Prescott Spofford, Sarah Orne Jewett, Charlotte Perkins Gilman, Victoria Earle Matthews, Willa Cather, and Zitkala-Sa (Gertrude Bonnin).",,,Small-scale project in which scholars worked individually or as small collectives.,
,,Emory Women Writers Resource Project,,,Emory University,"Literature, Digital Publishing",No,No,,"An online database of unedited, digitised works of women’s writing from the 17th through to the early 20th centuries. ",,,"Project produced by e-text centers, digital humanities centers, or libraries and museums.",
,,Valley of the Shadow,"Edward L. Ayers, Thornton Staples",https://valley.lib.virginia.edu/,University of Virginia,"History, Digital Humanities",No,Yes,,"An electronic archive of two communities in the American Civil War--Augusta County, Virginia, and Franklin County, Pennyslvania.",,,"Project produced by e-text centers, digital humanities centers, or libraries and museums.",
,,Race and Place: An African-American Community in the Jim Crow South,,http://www2.vcdh.virginia.edu/afam/raceandplace/,University of Virginia,"History, Digital Humanities",No,Yes,,"An archive about the racial segregation laws, or the 'Jim Crow' laws from the late 1880s until the mid-twentieth century.",,,"Project produced by e-text centers, digital humanities centers, or libraries and museums.",
,,Voice of the Shuttle (VoS),Alan Liu,http://vos.ucsb.edu/index.asp,UC Santa Barbara,Digital Humanities,No,Yes,,"One of the earliest humanities research portals. VoS began in 1994 as a 70+ Web-page directory of humanities research resources organized by field, historical period, author, etc. ",UCSB,,Provides a good measure of the huge number of early recovery projects focused on literature and history written by and about people of color,
,,19: Interdisciplinary Studies in the Nineteenth Century,,https://19.bbk.ac.uk/,University of London,"History, Digital Publishing",No,Yes,Yes,A peer-reviewed journal dedicated to advancing interdisciplinary study in the long nineteenth century.,,,A positive example of how we might take the institutional structures that have developed in relation to the digital humanities canon and leverage them to support small-scale projects.,
,,Gibagadinamaagoom,Timothy Powell and the Ojibwe elders,https://ojibwearchive.sas.upenn.edu/,University of Pennsylvania,"History, Digital Humanities",No,Yes,,Preserving and revitalizing Anishinaabemowin ('the Anishinaabe language') and culture to empower future generations.,NEH,,"A partnership that shifted ownership of cultural materials from that of the scholar to the Ojibwe elders, in effect creating a mechanism by which the tribe might control their own cultural materials.",
,,The Nineteenth-Century Digital Concord Archive,Amy E. Earhart,https://digitalconcord.tamu.edu/,Texas A&M University,"History, Digital Humanities",No,Yes,,"Gathers the cultural record of Concord, Massachusetts in an interactive digital archive that features multiple innovative user interfaces.",NEH,,How to appropriately apply technological standards to shifting constructions of race represented in textual materials.,
,,,,,,,,,,,,,,
Blog Post: The Social Contract of Scholarly Publishing,Daniel J. Cohen,,,,,,,,,,,,,
,,,,,,,,,,,,,,
Blog Post: Introducing Digital Humanities Now,Daniel J. Cohen,Digital Humanities Now (DHN),,https://digitalhumanitiesnow.org/,"Roy Rosenzweig Center for History and New Media, George Mason University","Digital Publishing, Digital Humanities",Yes,Yes,,Highlights and distributes informally published digital humanities scholarship and resources from the open web. ,,,"A new, experimental web publication.",
,,,,,,,,,,,,,,
Blog Post: Text: A Massively Addressable Object ,Michael Witmore,Ngram Viewer,"Jon Orwant, Will Brockman",https://books.google.com/ngrams,,Digital Tool,No,Yes,,"An online search engine that charts the frequencies of any set of search strings using a yearly count of n-grams found in sources printed between 1500 and 2019 in Google's text corpora in English, Chinese, French, German, Hebrew, Italian, Russian, or Spanish.",,,Example of how texts can be queried.,
,,,,,,,,,,,,,,
Blog Post: The Ancestral Text,Michael Witmore,,,,,,,,,,,,,
,,,,,,,,,,,,,,
Chapter 19: Digital Humanities and the “Ugly Stepchildren” of American Higher Education,Luke Waltzer,American Social History Project,,https://ashp.cuny.edu/,CUNY,"History, Digital Humanities",,Yes,,"Challenges traditional ways that people learn about the past with its print, visual, and multimedia materials that explore the diverse social and cultural histories of the nation. ","Yes, multiple sources",,How the intersection of humanistic inquiry and technological innovation can be harnessed to newly empower individuals or groups.,
,,Valley of the Shadow,"Edward L. Ayers, Thornton Staples",https://valley.lib.virginia.edu/,University of Virginia,"History, Digital Humanities",Yes,Yes,,"An electronic archive of two communities in the American Civil War--Augusta County, Virginia, and Franklin County, Pennyslvania.",,,Example of humanities computing as the realm of seasoned specialists whose search for deeper understanding of a particular field brought them to digital tools.,
,,Crossroads,,https://crossroads.georgetown.edu/,Georgetown University,"Education, American Studies",No,No,,Engage with curriculum innovation and the integration of new technologies in American Studies.,,,"How technology and the networks it enables can open up pedagogical processes to inquiry, intervention, and reinvention",
,,Visible Knowledge Projects,,https://blogs.commons.georgetown.edu/vkp/,Georgetown University,"Education, Humanities, Digital Humanities",No,No,,"A collaborative scholarship of teaching and learning project exploring the impact of technology on learning, primarily in the humanities.",,,"How technology and the networks it enables can open up pedagogical processes to inquiry, intervention, and reinvention",
,,4Humanities,"Alan Lui, Christine Henseler, Geoffrey Rockwell, Stéfan Sinclair, Melissa Terras",https://4humanities.org/,,"Digital Tools, Digital Humanities, Humanities",No,Yes,,An advocacy initiative for the humanities focused on placing the value of the humanities before the public. We draw in particular on the expertise of the international digital humanities community. ,,Yes,"The stridency and grandiosity of the 4Humanities mission statement is important and necessary, but there does not seem to be a detailed plan at this stage for realizing the group’s goals.",
,,HyperCities,,https://www.hypercities.com/,,"Mapping, Digital Humanities",Yes,Yes,,"A digital research and educational platform for exploring, learning about, and interacting with the layered histories of city and global spaces.",,Yes,"Projects like this, which embrace “perpetual beta” and focus more on delivering whiz-bang components than doing the less glamorous—and less recognized—work of outreach, community development, and support, especially around questions of pedagogy and curriculum development.",
,,UMW Blogs,,https://umwblogs.org/,University of Mary Washington,Digital Publishing,No,Yes,,A publishing platform available to any member of the University of Mary Washington community.,,,Pushed the school’s curriculum to embrace the opportunities of networked teaching and learning and the exploration of processes of digital identity formation.,
,,A Living Laboratory: Revitalizing General Education for a 21st Century College of Technology,,https://openlab.citytech.cuny.edu/livinglab/,"New York City College of Technology, CUNY","Education, Digital Humanities",No,No,,Re-envision General Education as a “living laboratory” using City Tech’s signature strengths – hands-on experiential models of learning and our vibrant Brooklyn Waterfront location.,U.S. Department of Education Developing Hispanic-Serving Institutions (Title V) program.,,Offers an exciting reconceptualization of the traditional general education curriculum.,
,,CUNY Academic Commons,,https://commons.gc.cuny.edu/,CUNY,"Digital Publishing, Digital Humanities, Education",No,Yes,Yes,"An open space where the CUNY community can find like-minded colleagues, build personal or professional websites, teach, learn, and collaborate in open classrooms.",,,Example of how Matthew K. Gold has been an active participant in the digital humanities community.,
,,CUNY Digital Humanities Initiative,,https://cunydhi.commons.gc.cuny.edu/,CUNY,"Education, Digital Humanities",No,Yes,,"An effort to bring together students, staff, and faculty from all CUNY campuses interested in or involved with the digital humanities",,,,
,,Looking for Whitman,Matthew K. Gold,https://lookingforwhitman.org/,"New York City College of Technology (CUNY), New York University, University of Mary Washington, Rutgers University-Camden.","Poetry, Digital Humanities",Yes,No,,"A collaborative online space in which students research Whitman’s connections to their individual locations and share that research with one another in a dynamic, social, web-based learning environment.","NEH, Institute of Museum and Library Services",,Explores both the structure and “place-based pedagogy”.,
,,,,,,,,,,,,,,
Chapter 20: Graduate Education and the Ethics of the Digital Humanities,Alexander Reid,Rossetti Archive,Jerome McGann,http://www.rossettiarchive.org/,University of Virginia,"Literature, Art, Poetry, Archives",No,Yes,,Provides students and scholars with access to all of Dante Gabriel Rossetti's pictorial and textual works and to a large contextual corpus of materials.,NEH,,Most of the scholarship undertaken is directed as traditional humanistic areas of study - the project is not itself a scholarly study of digital technology; it is research into Rossetti’s works.,
,,CUNY Academic Commons,,https://commons.gc.cuny.edu/,CUNY,"Digital Publishing, Digital Humanities, Education",No,Yes,Yes,"An open space where the CUNY community can find like-minded colleagues, build personal or professional websites, teach, learn, and collaborate in open classrooms.",,,A platform for academic collaboration across institutions and across disciplines,
,,,,,,,,,,,,,,
Chapter 21: Should Liberal Arts Campuses Do Digital Humanities? Process and Products in the Small College World,"Bryan Alexander, 
Rebecca Frost Davis",History Engine,"Edward L. Ayers, Andrew Torget, Scott Nesbit",https://historyengine.richmond.edu/,University of Richmond,History,Yes,Yes,,"A collection of thousands of historical “episodes” that paints a wide-ranging portrait of the past that is freely available to scholars, teachers, and the general public. Students from a variety of college and universities write these episodes. ",,,"The Digital Scholarship Lab at the University of Richmond enjoys, perhaps, the highest level of institutional support, since noted digital humanist Ed Ayers is the president of the university. ",Project exists but no longer updated.
,,Landscapes of the American Past: Visualizing Emancipation,"Scott Nesbit, Edward L. Ayers",https://dsl.richmond.edu/emancipation/,University of Richmond,"History, Data Visualization",No,Yes,,"A map of slavery’s end during the American Civil War. It finds patterns in the collapse of southern slavery, mapping the interactions between federal policies, armies in the field, and the actions of enslaved men and women on countless farms and city blocks. It encourages scholars, students, and the public to examine the wartime end of slavery in place, allowing a rigorously geographic perspective on emancipation in the United States.",NEH,,"The Digital Scholarship Lab at the University of Richmond enjoys, perhaps, the highest level of institutional support, since noted digital humanist Ed Ayers is the president of the university. ",
,,Americans in Paris,,,University of Richmond,"Literature, Digital Humanities",Yes,No,,"An interactive map, pinpointing where many famous Americans lived in Paris, and a timeline indicating when they were in residence.",,,,Link not active http://tocqueville.richmond.edu/AmericansInParis.html
,,Lexomics,"Michael Drout, Scott Kleinman, Mark LeBlanc ",https://wheatoncollege.edu/academics/special-projects-initiatives/lexomics/,Wheaton College,"Digital Tool, Digital Humanities",Yes,Yes,,"As part of its research program, the Lexomics group develops the Lexos text analysis tool, which implements aspects of our research methods. The role of Lexos is to help readers of literature identify and explore patterns in texts, thereby opening up new questions and new avenues of research.",NEH,,"Interdisciplinary - combines computer science, statistics, and Old English texts.",
,,Digital History Project,,https://wheatoncollege.edu/academics/special-projects-initiatives/digital-history-project/,Wheaton College,"History, Digital Humanities",Yes,Yes,,"Students majoring in non-science disciplines often have little exposure to computational thinking and working with computer code.  At the same time, digital methods of analysis exert growing influence on the practice of many disciplines in the humanities and social sciences.  The Wheaton College Digital History Project seeks to bridge this gap using tools from the field of digital humanities.",NEH,,Major funding entities see the unbundled model as a viable alternative to digital humanities centers,Citation is a broken link.
,,THATCamp,,https://thatcamp.org/,,Digital Humanities,Yes,No,,"THATCamp stands for “The Humanities and Technology Camp.” It is an unconference: an open, inexpensive meeting where humanists and technologists of all skill levels learn and build together in sessions proposed on the spot. ",,,Small colleges take advantage of the networking and professional development opportunities of digital humanities centers at large institutions,THATCamp is no longer active.
,,The Early Novels Database (END),,https://earlynovels.github.io/,"University of Pennsylvania, Swarthmore College","Literature, Digital Humanities",Yes,Yes,,Generates high-quality metadata about novels published between 1660 and 1850 in order to make early works of fiction more available to both traditional and computational modes of humanistic study. ,,,"Small colleges may also join collaborative, interinstitutional digital humanities projects supported by large research institutions.",Citation is a broken link.
,,"TEI Archiving, Preservation, and Access Service (TAPAS)",,https://tapasproject.org/,,"Humanities, Social sciences, Linguistics, Digital Publishing",Yes,Yes,,Provides TEI-based projects a platform for organizing and publishing their encoded texts.,"NEH, Institute of Museum and Library Services, Digital Scholarship Group, TEI",,Aggregates expertise and labor of technology staff at small liberal arts colleges to help publish and archive high-quality scholarly data marked up according to TEI standards.,
,,Zotero,"Corporation for Digital Scholarship, previously Center for History and New Media at George Mason University",https://www.zotero.org/,Roy Rosenzweig Center for History and New Media,Digital Tool,,Yes,Yes,A free and open-source reference management software to manage bibliographic data and related research materials.,,,Example of open source tool.,
,,Homer Multitext Project,,https://www.homermultitext.org/,"Harvard University, College of the Holy Cross, Furman University, and the University of Houston ","Literature, Digital Humanities",Yes,Yes,,"Seeks to present the Homeric Iliad and Odyssey in a critical framework that accounts for the fact that these poems were composed orally over the course of hundreds, if not thousands of years by countless singers who composed in performance. ",,,Example of student-faculty collaborative research in digital humanities.,
,,Mooring Gaps: Marianne Moore’s Bryn Mawr Poetry,,https://mooreandpoetry.blogs.brynmawr.edu/,Bryn Mawr College,"Literature, Digital Humanities",Yes,Yes,,A Bryn Mawr College senior English thesis in the form of a website.,,,,
,,SmartChoices,Jack Dougherty,http://commons.trincoll.edu/cssp/smartchoices/,Trinity College,"Data Visualization, Urban Studies",,No,,A Web-based map and data sorting application that empowers parents to navigate and compare the growing number of public school options in metropolitan Hartford.,,,"For liberal arts colleges, applied learning has further benefits when it moves into the local community.","To replace SmartChoices, we created the School Search Tool template, a generic mobile-friendly interactive map with sortable results https://github.com/JackDougherty/school-search-tool"
,,,,,,,,,,,,,,
Chapter 22: Where’s the Pedagogy? The Role of Teaching and Learning in the Digital Humanities,Stephen Brier,Google Books,Google,https://books.google.com/,,Digital Tool,No,Yes,,"The world's most comprehensive index of full-text books.
",,,"Using digital technologies to mine vast and newly available databases, such as Google Books.",
,,American Social History Project (ASHP),Herbert Gutman and Stephen Brier,https://ashp.cuny.edu/,CUNY,"History, Digital Humanities",Yes,Yes,,"Creates print, visual, online, and digital materials that explore the diverse social and cultural histories of the nation and challenge traditional ways that people learn about the past.",,,Example of innovative pedagogy at CUNY,
,,Who Built America Badges,American Social History Project (ASHP),https://badges.ashp.cuny.edu/,CUNY,"History, Digital Humanities",No,Yes,,"An online professional learning program designed to help middle and high school history teachers incorporate disciplinary literacy practices, rich social history content, and literacy supports into their instructional design. ","Bill & Melinda Gates Foundation, HASTAC, MacArthur Foudnation, Mozilla,m UCHRI",,Accomplishment of American Social History Project (ASHP).,
,,Phylo Project,"David Morrow, Chris Alen Sula",https://newmedialab.cuny.edu/project/phylo/,CUNY,"Philosophy, Data Visualization, Digital Humanities",Yes,No,,"Explores the origins of contemporary philosophy by looking at historical relationships between individuals, institutions, and ideas. These relationships are contained in a user-maintained database and rendered using data visualization tools. ",,,Digital humanities projects by CUNY faculty and doctoral students at the New Media Lab.,Citation is a broken link.
,,Virtual Poetry Project,Marcos Wasem,https://newmedialab.cuny.edu/project/virtual-poetry-project/,CUNY,"Literature, Digital Humanities",No,No,,An online journal that showcases the ways contemporary poetry overcomes the limitations of the written text. ,,,Digital humanities projects by CUNY faculty and doctoral students at the New Media Lab.,
,,Looking for Whitman,Matthew K. Gold,https://lookingforwhitman.org/,"New York City College of Technology (CUNY), New York University, University of Mary Washington, Rutgers University-Camden.","Poetry, Digital Humanities",Yes,No,,"A collaborative online space in which students research Whitman’s connections to their individual locations and share that research with one another in a dynamic, social, web-based learning environment.","NEH, Institute of Museum and Library Services",,Example of a recent CUNY digital humanities project that combines digital research and digital pedagogy.,
,,CUNY Academic Commons,,https://commons.gc.cuny.edu/,CUNY,"Digital Publishing, Digital Humanities, Education",Yes,Yes,Yes,"An open space where the CUNY community can find like-minded colleagues, build personal or professional websites, teach, learn, and collaborate in open classrooms.",,,Example of a recent CUNY digital humanities project that combines digital research and digital pedagogy.,
,,BuddyPress,,https://buddypress.org/,,"Digital Publishing, Digital Tool",No,Yes,Yes,"Helps you build any kind of community website using WordPress, with member profiles, activity streams, user groups, messaging, and more.",,,Academic Commons was built in WordPress and BuddyPress.,
,,,,,,,,,,,,,,
Blog Post: Visualizing Millions of Words,Mills Kelly,Ngram Viewer,"Jon Orwant, Will Brockman",https://books.google.com/ngrams,,Digital Tool,Yes,Yes,,"An online search engine that charts the frequencies of any set of search strings using a yearly count of n-grams found in sources printed between 1500 and 2019 in Google's text corpora in English, Chinese, French, German, Hebrew, Italian, Russian, or Spanish.",,,Examples of digital tool.,
Blog Post: What’s Wrong with Writing Essays,Mark L. Sample,,,,,,,,,,,,,
,,,,,,,,,,,,,,
"Blog Post: Looking for Whitman: A Grand, Aggregated Experiment","Matthew K. Gold, Jim Groom",Looking for Whitman,Matthew K. Gold,https://lookingforwhitman.org/,"New York City College of Technology (CUNY), New York University, University of Mary Washington, Rutgers University-Camden.","Poetry, Digital Humanities",Yes,No,,"A collaborative online space in which students research Whitman’s connections to their individual locations and share that research with one another in a dynamic, social, web-based learning environment.","NEH, Institute of Museum and Library Services",,How loosely networked learning spaces could be used to reimagine the possibilities for connection among students and faculty working on related projects at a disparate range of institutions.,
,,,,,,,,,,,,,,
Blog Post: The Public Course Blog: The Required Reading We Write Ourselves for the Course That Never Ends,Trevor Owens,Digital History Methods,,http://www.dighist.org/,American University,"History, Digital Humanities",No,Yes,,"he blog for a series of courses in digital curation and digital history. Currently, it hosts a course on digital preservation. It has previously hosted courses on digital art curation, digital preservation, digital history, and digital public history.",,,The potential value that can come from new students in new iterations of the course “inhabiting” the same course blog in the future.,
,,,,,,,,,,,,,,
Chapter 23: Digital Humanities As/Is a Tactical Term,Matthew Kirschenbaum,HATHITrust Digital Library,,https://www.hathitrust.org/,,"Digital Publishing, Digital Tool",No,Yes,,"Founded in 2008, HathiTrust is a not-for-profit collaborative of academic and research libraries preserving 17+ million digitized items. ",,,Desire to do work with these remarkable materials under digital humanities.,
,,Digital Humanities Now (DHN),,https://digitalhumanitiesnow.org/,"Roy Rosenzweig Center for History and New Media, George Mason University","Digital Publishing, Digital Humanities",Yes,Yes,,Highlights and distributes informally published digital humanities scholarship and resources from the open web. ,,,Combines the conceit of a scholarly journal with the real-time automated aggregation enabled by Twitter’s open API.,
,,,,,,,,,,,,,,
Chapter 24: The Digital Humanities or a Digital Humanism,Dave Parry,Ngram Viewer,"Jon Orwant, Will Brockman",https://books.google.com/ngrams,,Digital Tool,No,Yes,,"An online search engine that charts the frequencies of any set of search strings using a yearly count of n-grams found in sources printed between 1500 and 2019 in Google's text corpora in English, Chinese, French, German, Hebrew, Italian, Russian, or Spanish.",,Yes,DH can be something more than text analysis done more quickly.,
,,,,,,,,,,,,,,
Chapter 25: The Resistance to Digital Humanities ,David Greetham,Rossetti Archive,Jerome McGann,http://www.rossettiarchive.org/,University of Virginia,"Literature, Art, Poetry, Archives",Yes,Yes,,Provides students and scholars with access to all of Dante Gabriel Rossetti's pictorial and textual works and to a large contextual corpus of materials.,NEH,,Example of the enthusiastic embrace of electronic work.,
,,Society for Early English & Norse Electronic Texts (SEENET),Hoyt Duggan,https://www.seenet.org/,University of Virginia,"History, Literature, Digital Humanities",Yes,Yes,,A nonprofit scholarly organization dedicated to producing high-quality digital documentary and critical editions of medieval texts.,,,A forum for peer review that would match that usually associated with print publication.,
,,NINES Collex,,https://nines.org/about/software/collex/,University of Virginia,"Digital Tool, Literature",Yes,Yes,Yes,An open-source collections- and exhibits-builder designed to aid humanities scholars working in digital collections or within federated research environments like NINES (Networked Infrastructure for Nineteenth-Century Electronic Scholarship).,"Andrew W. Mellon Foundation, 
University of Virginia Library",,Examples of rigorous scholarly procedures are now evident in electronic journals.,
,,CUNY Digital Humanities Initiative,,https://cunydhi.commons.gc.cuny.edu/,CUNY,"Education, Digital Humanities",No,Yes,,"An effort to bring together students, staff, and faculty from all CUNY campuses interested in or involved with the digital humanities",,,Example of doctoral students' interest in the digital humanities.,
,,Ngram Viewer,"Jon Orwant, Will Brockman",https://books.google.com/ngrams,,Digital Tool,No,Yes,,"An online search engine that charts the frequencies of any set of search strings using a yearly count of n-grams found in sources printed between 1500 and 2019 in Google's text corpora in English, Chinese, French, German, Hebrew, Italian, Russian, or Spanish.",,Yes,"""Obviously some of the claims [about cultural history] are a little exaggerated” (Menand)",
,,,,,,,,,,,,,,
Chapter 26: Beyond Metrics: Community Authorization and Open Peer Review,Kathleen Fitzpatrick,MediaCommons,,http://mediacommons.org/,Institute for the Future of the Book,"Digital Publishing, Media Studies",No,Yes,,"A community network for scholars, students, and practitioners in media studies, promoting exploration of new forms of publishing within the field",NEH,,Example of author's activities where the question of peer review appeared.,
,,,,,,,,,,,,,,
Chapter 27: Trending: The Promises and the Challenges of Big Social Data,Lev Manovich,Software Studies Initiative,Lev Manovich,http://lab.softwarestudies.com/,"CUNY Graduate Center, University of California, San Diego (UCSD)","Digital Tool, Data Visualization, Digital Humanities",Yes,No,,"A research lab and a design studio working on analysis of big cultural datasets. Our work combines methods and technologies from data science, data visualization, media design and humanities. The products include data visualizations, interactive installations, free software tools and research papers and books.",,,Examples of author's experience working with large cultural data sets.,Link to new site not active: http://www.culturalanalytics.info/
,,Reality Mining,Nathan Eagle,http://realitycommons.media.mit.edu/,MIT Media Lab,"Sociology, Data Visualization",Yes,Yes,Yes,Several mobile data sets that contain the dynamics of several communities of about 100 people each. ,,,Example of social data.,
,,Valley of the Khans,Albert Yu Min Lin,http://exploration.nationalgeographic.com/mongolia,National Geographic Digital Media,"Data Visualization, Geography",No,No,,"An innovative, noninvasive archaeological survey of Mongolia’s sacred lands that allows web users around the world to actively participate in an ongoing, real-time scientific exploration.",,,Examples of new techniques that combine on-the-scene physical presence and computer and network-assisted techniques.,
,,Ngram Viewer,"Jon Orwant, Will Brockman",https://books.google.com/ngrams,,Digital Tool,No,Yes,,"An online search engine that charts the frequencies of any set of search strings using a yearly count of n-grams found in sources printed between 1500 and 2019 in Google's text corpora in English, Chinese, French, German, Hebrew, Italian, Russian, or Spanish.",,Yes,What you can do with these tools today is quite limited.,
,,,,,,,,,,,,,,
"Chapter 28: Humanities 2.0: Promise, Perils, Predictions ",Cathy N. Davidson,The Perseus Archive,"Gregory Crane, Editor in Chief",http://www.perseus.tufts.edu,Tufts University,"Archives, Literature, Archives",Yes,Yes,Yes,"A practical experiment in which we explore possibilities and challenges of digital collections in a networked world. Our flagship collection, under development since 1987, covers the history, literature and culture of the Greco-Roman world.","Funded most recently by the Alpheios Project, the Andrew W. Mellon Foundation, the Institute of Museum and Library Services, the National Endowment for the Humanities, the National Science Foundation, private donations, and Tufts University. Prior support for the project has been provided by the Annenberg/CPB Project, Apple Computer, the Berger Family Technology Transfer Endowment, Digital Libraries Initiative Phase 2, the Fund for the Improvement of Postsecondary Education part of the U.S. Department of Education, the Getty Grant program, the Modern Language Association, the National Endowment for the Arts, the Packard Humanities Institute, Xerox Corporation, Boston University, and Harvard University.",,"Example of rich, diverse, and compelling digital resources.",
,,Ars Electronica,,https://ars.electronica.art/,,Digital Humanities,Yes,Yes,,"Analyzing and commenting on the Digital Revolution since 1979. Since 1996, we have been developing projects, strategies and competencies for the Digital Transformation. ",,,"Example of rich, diverse, and compelling digital resources.",
,,International Dunhuang Project,,http://idp.bl.uk/,British Library,"History, Archives, Geography",Yes,Yes,,"International collaboration to make information and images of all manuscripts, paintings, textiles and artefacts from Dunhuang and archaeological sites of the Eastern Silk Road freely available on the Internet and to encourage their use through educational and research programmes.",,,"Challenges accepted definitions in the humanities, such as what constitutes and is constituted by the West.",
,,Networked Infrastructure for Nineteenth-Century Electronic Scholarship (NINES),Jerome McGann,https://nines.org/,,"Literature, Digital Publishing, Archives",Yes,Yes,,A scholarly organization devoted to forging links between the material archive of the nineteenth century and the digital research environment of the twenty-first,,,"Augmenting professional, refereed, peer-reviewed archives with features that allow individual users to customize the archive.",
,,The Law in Slavery and Freedom,"Martha S. Jones, Rebecca J. Scott, Jean M. Hébrard","https://www.law.umich.edu/facultyhome/lawslaveryfreedom/Pages/default.aspx#:~:text=The%20Law%20in%20Slavery%20and%20Freedom%20Project%20is%20a%20curricular,Campinas%2C%20Brazil%3B%20the%20University%20of",University of Michigan,"History, Black Studies",Yes,Yes,,"An international collaboratory of scholars whose current work seeks to excavate the daily dynamics of slavery and freedom, while reshaping the broad narratives within which we situate them. ",,,collaborative research and teaching,Citation is broken link.
,,,,,,,,,,,,,,
Chapter 29: Where Is Cultural Criticism in the Digital Humanities?,Alan Liu,4Humanities,"Alan Lui, Christine Henseler, Geoffrey Rockwell, Stéfan Sinclair, Melissa Terras",https://4humanities.org/,,"Digital Tools, Digital Humanities, Humanities",Yes,Yes,,An advocacy initiative for the humanities focused on placing the value of the humanities before the public. We draw in particular on the expertise of the international digital humanities community. ,,Yes,Misleading mission statement written by the author.,Citation is broken link.
,,Stanford Literary Lab,"Franco Moretti, Matthew Jockers",https://litlab.stanford.edu/,Stanford University,Literature,Yes,Yes,,"A research collective that applies computational criticism, in all its forms, to the study of literature. ",,,The digital humanities are now what may be called the practicing partner of distant reading,
,,Ngram Viewer,"Jon Orwant, Will Brockman",https://books.google.com/ngrams,,Digital Tool,Yes,Yes,,"An online search engine that charts the frequencies of any set of search strings using a yearly count of n-grams found in sources printed between 1500 and 2019 in Google's text corpora in English, Chinese, French, German, Hebrew, Italian, Russian, or Spanish.",,,Example of cultural analytics.,
,,Open Journal Systems (OJS),Public Knowledge Project,https://pkp.sfu.ca/ojs/,Simon Fraser University,Digital Tool,Yes,Yes,Yes,A free software for the management of peer-reviewed academic journals,Multiple sources and donations.,,"Build advocacy into the ordinary work of the humanities, so that research and teaching organically generate advocacy in the form of publicly meaningful representations of the humanities.",
,,Omeka,,https://omeka.org/,Roy Rosenzweig Center for History and New Media,"Digital Publishing, Digital Tool",Yes,Yes,Yes,"Omeka is a free, flexible, and open source web-publishing platform for the display of library, museum, archives, and scholarly collections and exhibitions.",,,Break scholarship free of the “document” format.,
,,SIMILE Exhibit 3.0,,https://www.simile-widgets.org/exhibit3/,MIT,"Digital Publishing, Digital Tool",Yes,Yes,,A publishing framework for large-scale data-rich interactive Web pages.,,,Break scholarship free of the “document” format.,